{"sf1": {"((-1, -1), (-1, -1), (False, False, False, False))": [0.0, 0.0, 194.75, 0.0, 75.08354687500001], "((-1, 0), (-1, -1), (False, False, False, False))": [0.0, 0.0, 0.0, 0.0, -95.0], "((-1, 1), (-1, -1), (False, False, False, False))": [71.94953400394235, 0.0, 0.0, 0.0, -30.493997552613052], "((-1, 1), (-1, 0), (False, False, False, False))": [99.75, 0.0, 0.0, 0.0, -9.998126562499994], "((-1, 1), (-1, 1), (False, False, False, False))": [252.50195107489563, 0.0, -109.94092846875, 0.0, 132.2517558931777], "((0, 1), (-1, 1), (False, False, False, False))": [0.0, 0.0, 0.0, 99.75, 85.2856265625], "((0, 0), (-1, 1), (False, False, False, False))": [0.0, 0.0, 0.0, 0.0, -95.0], "death": [0.0, 0.0, 0.0, 0.0, 0.0], "((1, -1), (-1, -1), (False, False, False, False))": [0.0, 0.0, 114.62248435865024, -104.00469374999999, 267.6865621273897], "((1, -1), (-1, 0), (False, False, False, False))": [4.75, 0.0, 0.0, 0.0, -90.9631234375005], "((1, -1), (-1, 1), (False, False, False, False))": [0.0, 0.0, 0.0, 0.0, 0.0], "((1, -1), (-1, -1), (False, True, False, False))": [0.0, 0.0, 0.0, 0.0, -99.76249843750928], "((0, -1), (-1, -1), (False, True, False, False))": [0.0, 0.0, 0.0, 0.0, -95.0], "((-1, -1), (-1, -1), (False, True, False, False))": [651.8016233122594, -90.25, 0.0, 0.0, 586.6214614547348], "((-1, -1), (-1, 0), (False, True, False, False))": [0.0, 0.0, 0.0, 0.0, -52.488093750000004]}, "sf2": {"((1, 1), (-1, 1), (False, False, False, False))": [10639.697943123834, 7613.1178339005855, 265.850516607411, 9624.002164437576, 9575.716303498946], "((0, 1), (-1, 1), (False, False, False, False))": [0.0, 0.0, -3795.25, 0.0, -1999.761875], "((-1, 1), (-1, 1), (False, False, False, False))": [9071.108457149774, -1714.96375, 6208.44588171762, 1995.0, 8163.985736313221], "((1, 0), (-1, 1), (False, False, False, False))": [0.0, 1995.0, -334.82750000000004, 0.0, 0.0], "((1, -1), (-1, 1), (False, False, False, False))": [2457.735244583898, 0.0, 1556.1474999999998, 2073.258625, 4163.320741164125], "((0, -1), (-1, 1), (False, False, False, False))": [0.0, 0.0, 0.0, 0.0, -4.75], "((-1, -1), (-1, 1), (False, False, False, False))": [0.0, 0.0, 741.7877116840906, 2082.4739390336663, 2207.8642561797265], "((-1, 0), (-1, 1), (False, False, False, False))": [0.0, 0.0, 82.7239390336662, 0.0, -0.23749999999999982], "((0, 0), (-1, 1), (False, False, False, False))": [0.0, 0.0, 0.0, 0.0, -95.0], "death": [0.0, 0.0, 0.0, 0.0, 0.0], "((-1, -1), (-1, -1), (False, False, False, False))": [69802.12079621777, 60996.14417707649, 5584.09891173325, 1242.4104802509828, 60917.14683486692], "((-1, -1), (-1, -1), (False, True, False, False))": [0.0, -1909.025, -380.0, 59276.209074355465, -0.012468753906226843], "((-1, 0), (-1, -1), (False, False, False, False))": [0.0, 0.0, 0.0, 0.0, 85.975], "((0, 0), (-1, -1), (False, False, False, False))": [0.0, 0.0, 0.0, 0.0, -95.0]}, "sf3": {}}